,Topic 1,Topic 2,Topic 3,Topic 4,Topic 5,Topic 6,Topic 7,Topic 8,Topic 9,Topic 10,Topic 11,Topic 12,Topic 13,Topic 14,Topic 15,Topic 16,Topic 17,Topic 18,Topic 19,Topic 20,job
0,0.33430585825712483,0.2561270533673749,0.127475377622807,-0.02305790499648727,0.05116448582478102,-0.0022363026884367754,-0.012691195918078397,0.007584351396493105,0.06181501959885326,0.11301362197708027,-0.017191046458951382,0.025031339887643222,-0.02048866840701469,-0.10773311797298507,-0.013689941114279309,0.07215985626097714,0.007410777618448317,0.037560824651183565,-0.06496361653155168,0.0068349457069087315,"ux,designer"
1,0.25629378642349615,0.2407510022367464,0.15496090469208393,-0.026979448030093885,0.02179232593752638,-0.02407493017542371,0.07928795897153473,-0.08061920473919076,-0.003216625693229793,0.0437430907213429,-0.013249769256556222,-0.0015397958556052057,0.028098518318793512,-0.01701168363041114,-0.01812913452253503,-0.035505684407101085,-0.014476602022033143,-0.06205489969036878,0.08897477577139964,0.03400051983871836,"ux,designer"
2,0.4053596074368576,0.19077044612437738,0.2536221656127323,0.013686712575663064,-0.09742505441439295,0.022073076528763207,-0.16874868454455064,-0.0834841317869742,-0.0646630217862375,0.058369522677120166,-0.02559428766850376,0.04343562595513461,-0.028083639342412644,-0.060746016627768275,-0.057646545279482105,0.036402806656086306,0.004487779623630816,0.015536217244044918,-0.11678142631562749,0.03770555584124747,"ux,designer"
3,0.33183437000819627,0.3776524350076106,0.3975189319961574,0.06706978227551769,0.049551397182811936,0.02880316124846438,-0.11497687940990543,0.06355263047435912,-0.04358149667215955,-0.04398565303418076,0.07979138252808442,0.013253537509022412,-0.08592489059195138,-0.02289761459115927,0.005396168325046842,-0.0013962802334285662,0.008374921276113868,-0.0007513176740707945,-0.09812293012370794,0.016797255259377163,"ux,designer"
4,0.31752951089139825,0.2731059256616929,0.3124772431187066,-0.04609442136983538,0.024789102362323696,-0.04881218684404678,0.06983171041434094,-0.10181525979488433,0.06525284991911079,0.11667045611607194,0.17209617196134055,-0.08396383056717126,0.10346733555222724,-0.11865443918299086,0.2535200951834788,-0.18170103251887765,-0.1399334295935225,-0.3546318751654912,0.27949529530454936,-0.14410888607192845,"ux,designer"
5,0.3535847936716201,0.40253581871865257,0.3754067352859888,0.0267320472613912,-0.02187661574529615,0.02450663452184643,-0.025944714358299644,0.05075508282582407,-0.05388066236190436,-0.08069173982266532,0.0026929554266743295,-0.025406638035389256,0.020999815414868728,0.12825155750891032,-0.019325137922128054,0.013486829436093181,-0.06255282359643308,-0.02683266738998394,0.022573865987924678,0.016316477407929464,"ux,designer"
6,0.2853307598640384,0.33395342098115594,0.35228111268964796,0.04055600955981609,-0.07823508725282932,0.031075406623613275,-0.04669577244582826,-0.023606975054599362,-0.12360400284091527,-0.09332284683074388,-0.02170503855738902,-0.021484244098728397,0.012625192325011594,0.09818133094892842,-0.02602931542968755,0.020537987718456347,-0.028599522978359774,-0.03099548773547354,-0.0037120121015023215,-0.05737540269853351,"ux,designer"
7,0.3572226729664225,0.27263003281208453,0.25271546929120553,0.022978974923385048,0.02706805523340501,-0.012732055877513726,-0.02557598482916091,-0.012559524945841151,-0.017702354122865735,0.06188631415383553,0.004878482939381057,0.05682480016335447,-0.014951181334872086,-0.023761202201791152,0.009950141374691615,-0.03133777136528327,0.050792248038957,0.020779269107001664,-0.07600316680634904,-0.014699378492264313,"ux,designer"
8,0.23515374406167228,0.29331974428668545,0.2888161785938672,0.023931195582108055,0.02008115656384256,-0.0006727517064507542,-0.015536704757289958,0.01398425476060486,-0.056918815807636414,0.022979199390227547,-0.021336872057383095,0.025457932298953517,0.045130309435671666,-0.053535404609965156,0.05159366241400516,0.0014115923219828051,-0.00896080474418247,0.09960648728100753,-0.019700665314864092,0.10983648619177237,"ux,designer"
9,0.27525821784037163,0.17957838515520572,0.10046954230492687,-0.03269519567921425,-0.016990367910796653,0.0075316825490462725,0.01563917208903821,-0.09334585487282565,-0.06137271128518692,0.07917985559297701,-0.13386090957541796,0.0817972332526105,-0.03068193741457744,-0.05060526046988993,-0.019014021541578652,0.03474546166053782,0.09847422678434271,0.027996726852141284,-0.08951162448592094,0.040824382374044496,"ux,designer"
10,0.11530783291169941,0.09557102927266567,0.06150650334765406,-0.010325629373288956,0.0030011258724182656,-0.024312441345805187,0.06720204676212917,-0.08725168206830483,-0.0598279581058659,0.029337234759230172,0.028204174696971073,0.010421727018179588,0.03592267092063549,-0.00505280753812588,-0.022381663678859697,-0.03340701634128342,-0.027869267085394975,-0.09115972442537452,0.16347666430263866,0.02413052622005869,"ux,designer"
11,0.35769899712815617,0.30784811796316613,0.20391661183442222,0.0016049134740894508,0.02885116512721821,-0.013799813463570856,0.03658568251648736,-0.031118336458441632,-0.018297912351633954,-0.15924865895255444,0.04204434756902028,-0.13871132727404462,0.04108753291884951,0.1495913184208313,-0.09327293017255846,0.2231939779704408,-0.022694427687655082,0.393725403982813,0.21384631463361198,-0.04034386081285435,"ux,designer"
12,0.31502278342695467,0.3083724799826756,0.34460392326056954,0.03650501027144121,-0.021654597938032077,0.01265747882492858,-0.04741743000508838,0.04953755088649651,-0.0012903556923856327,-0.00949061194228709,-0.03971800589114883,0.08292689776319496,-0.08690250783108633,-0.010514593833128659,0.03763516408991906,-0.03437118864988148,0.0226521897770053,-0.05791988301997872,0.009804905852674746,-0.03185891924705236,"ux,designer"
13,0.3224122387066669,0.37979326808499464,0.32608608002584116,0.014421635028835648,-0.001798583114131329,0.04852197904361059,-0.05594014643840399,0.015552388057232407,-0.05542103997874203,-0.01603680726184015,-0.003912691079216262,0.04665914071937991,0.007035992152822624,-0.07205218163596036,-0.010188254029570713,-0.04261589582138493,-0.024318223288323775,-0.011447018049981314,-0.07308509219182097,-0.01703070204151903,"ux,designer"
14,0.3539714438375683,0.2471271618241152,0.1893276721542222,0.01917431034032685,-0.0016593258450993847,-0.02458478239990709,0.044404730730582494,-0.05045403069775289,-0.022416530398796732,-0.1747242124470774,0.03936412594844708,-0.13728891220168146,0.022738688229012233,0.1762208065665583,-0.0798126343221949,0.21417064757801735,-0.04798907343042254,0.386493128796892,0.26155464374809656,-0.07306803760721531,"ux,designer"
15,0.4005060014800217,0.44377742040970175,0.42471896605507325,0.07114863660121025,-0.042356553847665304,0.03415425159611344,-0.06076820054562676,0.08786881481341345,-0.052119993990258795,-0.05780461608218384,0.03903305451910945,0.011596497678417004,-0.026141497471631768,0.041377138399443736,0.008704661430267158,-0.036479345978007977,-0.0762485914084269,-0.01465559729560762,-0.05965171665241199,-0.024038162955082452,"ux,designer"
16,0.3288941857425574,0.42798061042564634,0.39494421553709363,0.04419395007983709,-0.06730785070693356,-0.013820790362224283,-0.1081236136166752,0.11237327805245687,-0.04408220064097677,-0.033672987122506125,-0.004961107532017719,0.03694000286611371,-0.016345083038373356,-0.027332307833111687,0.03980257122354395,-0.010220230268088819,0.06659561272289531,-0.009019091465469762,-0.08796683672276898,-0.01615265293511328,"ux,designer"
17,0.3533444104757244,0.4023101936057216,0.3516734827678135,0.016933711470148917,-0.035433767721314645,0.00772122651182894,0.02092055271234565,-0.0010286848957528458,0.010579801222448946,-0.09779212033221245,-0.03559303663609803,-0.025187499199451624,0.03487450322161059,0.1347791748566647,-0.04563795366318535,0.005342886801691274,-0.033096348972808026,0.02529431613687955,0.03440392864865684,-0.01542273138516307,"ux,designer"
18,0.3776094764103321,0.3987665191951065,0.3025227350097654,0.0336534385651114,-0.044486369724193536,-0.04209613299505745,-0.0560159996951372,0.06806825114693743,-0.06212388122893138,-0.1082319219348313,0.0589819678537533,-0.031466144368490066,0.03557578148063906,0.006477141137753438,-0.06484688692573473,-0.027410297204808136,0.01100246342310622,0.021019107279525804,-0.059039847293845725,-0.018901870485309093,"ux,designer"
19,0.27714843796070315,0.2710603754846145,0.2818443107091637,0.01774027362095761,-0.003996997162353862,0.01877575996696985,-0.0678779501314319,0.054558913713426443,-0.044097955602923476,0.05432434628063094,0.0563342890470083,0.026433323852419532,-0.02902529965554891,-0.015879013027229306,0.0016939497355743498,0.014519628820130057,0.04057334317191399,0.050073665685432894,0.004004011348334488,-0.02477464836826814,"ux,designer"
20,0.25451760237305526,0.13968121450639898,0.2409335412875979,0.016569437311364548,-0.03878535348042552,-0.00992459206540702,-0.06964795251477117,-0.03291338680362226,-0.06405808096005157,0.04654635124448177,0.027178499324403638,0.09216697547835605,-0.04020202039116021,0.005898205907599124,-0.03421885830532543,0.003856995288406182,0.049437190784471716,0.04106160497734787,-0.007077299194264978,0.020201453867161066,"ux,designer"
21,0.3244347538577228,0.29708599671407065,0.34285395775233146,-0.021522756882057646,0.014343643738295282,-0.0026363843243884704,-0.0201729363240233,-0.032464702065630964,-0.03724443186281485,0.038831956120348066,-0.04155126756926959,0.05634347798285571,-0.07590472204623396,-0.009268276767591887,0.016240729136771465,-0.027387919288977877,0.038507381814506796,0.029298153672368987,-0.11213616580344463,0.036862251112297996,"ux,designer"
22,0.3259581220235813,0.33529656213767733,0.264868828822958,-0.002404826196470235,0.005820006647612875,0.008780733680491249,-0.07671277214539222,0.037502932913901596,-0.06568029711082111,-0.0008480092013568269,0.03807324792118952,0.024417459999715188,-0.012592602705391073,-0.025941274583007976,0.060296730716678966,0.011634201617698098,0.05222797416403223,0.05976449452471601,-0.1251135313401105,0.07211927946533639,"ux,designer"
23,0.31821799747287516,0.25727873939912116,0.2758090469683137,-0.04017201206811305,0.03844666304329173,-0.04158338956827805,0.08437286666395354,-0.11585431648656794,0.07741736274523368,0.12357245277151867,0.15699092905209544,-0.09659841588909779,0.10203998483541275,-0.13723717469381355,0.2618139811759728,-0.18016912440134897,-0.13254355975152782,-0.3702067162231434,0.2897139411214458,-0.1422585096853208,"ux,designer"
24,0.3738334019769712,0.3118312673822896,0.29912960139228445,0.12451487180990585,0.02139237186838842,-0.01787709148182347,-0.0770045753439034,0.14832012669253153,-0.07897813784769016,-0.0013067015843245171,-0.019268183985614213,-0.006984915435811784,0.08511454121904947,0.014491999215203312,-0.0024026112499006547,-0.022519954406066807,-0.03532108988123309,0.022154305819713147,-0.04736845486605652,0.005917138763311101,"ux,designer"
25,0.39175411257223164,0.4082693716644723,0.409689488807395,0.023926655986586935,-0.0005820583176226556,0.03795099862215515,-0.047063840258852734,0.05853891380236906,-0.0156573267411242,-0.02859024910000505,0.023182624221079137,0.01475328283879207,-0.05485261115424428,-0.021159085956667406,0.017960413992564272,0.005070113870949854,0.006913227749399792,0.03407523753982372,-0.049792769290455445,0.01339323362485048,"ux,designer"
26,0.331526132699483,0.0691945410826099,-0.17164952635869907,0.02007952556293363,-0.17100269112165403,-0.11811784914825155,-0.14218584642049284,0.019391793727410452,-0.029592977550569135,0.0024200067264594635,0.05891714896205978,-0.08009420699667012,0.1093448583143814,-0.030019006880299622,-0.07342350058209653,-0.04122049093527665,0.08529646247138299,0.02867521199566106,-0.017002144952892064,-0.013569673610289457,"data,scientist"
27,0.3204203174245979,0.1886862280892451,-0.1329749822115724,-0.06356424094221115,-0.09702441595146975,-0.07889169858581838,0.06803055432939548,-0.03725216089374779,0.07381677501342557,0.025832040172931246,0.02548767848435769,-0.04179253975840638,0.10271677223842254,0.03298771571989282,-0.05995456877542525,-0.08772474661038014,0.06476502685059966,0.046635330347868244,-0.021905188420513148,0.03298456378620125,"data,scientist"
28,0.38245252740286345,0.17423303653417593,-0.27345085804685393,-0.097200328385227,-0.14723761044235956,-0.20687648638533448,-0.0006016556088209747,-0.11317841037112195,-0.05054586886007558,0.2180554187207629,0.19644609076121328,-0.05569297406826137,-0.05983430083094352,-0.2960165707702529,0.11561965304085052,-0.05535708576410804,-0.3013524975329664,0.3294512418182774,-0.14266357012340894,-0.13351709123930314,"data,scientist"
29,0.267838658333542,0.17343694136605134,-0.19266807990242174,-0.06001312578645618,-0.17241206279503984,-0.11402991593305509,0.08114726650302283,-0.029480351202043054,0.14591273766284069,0.030663344586418215,-0.01864761588644122,0.2630707194410566,-0.3029207728241725,0.3610655234633514,-0.2684567644888072,-0.39893855750003143,-0.21798486771093414,0.04007700760283753,0.0059976735826861895,-0.1062844822218886,"data,scientist"
30,0.29061827694181985,0.17822412141099725,-0.22023677898277583,-0.06845065904867434,-0.19891555623424556,-0.11837075048985737,0.05758808525811321,-0.01374584155956224,0.14771938871297943,0.028523962755442996,-0.012664664533744974,0.27538789852588924,-0.2869586094155977,0.3645566596436,-0.24880214238479975,-0.39190297205189933,-0.2167952876531617,0.039736924190219944,0.017518111518878644,-0.08706379978176611,"data,scientist"
31,0.38245252740286345,0.17423303653417593,-0.27345085804685393,-0.097200328385227,-0.14723761044235956,-0.20687648638533448,-0.0006016556088209747,-0.11317841037112195,-0.05054586886007558,0.2180554187207629,0.19644609076121328,-0.05569297406826137,-0.05983430083094352,-0.2960165707702529,0.11561965304085052,-0.05535708576410804,-0.3013524975329664,0.3294512418182774,-0.14266357012340894,-0.13351709123930314,"data,scientist"
32,0.3509130580286159,0.17490527248729912,-0.2361026009223355,-0.05509021079674645,-0.15203072708346055,-0.09157123466075329,0.020972198815359794,-0.0405485250648822,-0.11133942483292898,0.011018699729404835,-0.006345230672323732,0.30325865093092386,-0.22538611568565534,-0.04059807757056694,0.26443238942410097,0.4157755945039865,-0.027991679229429228,0.040380029163092475,0.16737685327893828,-0.05993946134416802,"data,scientist"
33,0.2585334367844432,0.18453643446600726,-0.13366090774122605,-0.07567470190800771,-0.09930069990823173,-0.0895680774430877,-0.005213987779392378,0.019418461220495075,0.015146772776902134,0.05858883387656856,0.10951147376787786,0.05250401040669325,-0.11836971297636599,0.028243393206629268,-0.027377975368027725,-0.05030447523982124,0.05435973834982929,-0.042940439001383335,0.02042993703064893,0.003234466737403099,"data,scientist"
34,0.38918922796762623,0.1805691226779901,-0.25385177649171015,-0.10045242201929991,-0.13246480529101312,-0.0073831141447826204,-0.011870578522412158,-0.027259134296705713,-0.1312868156599811,-0.018299937394888048,-0.038157676700520796,0.3071705124536739,-0.21240229834444777,0.006115281407921133,0.26554562975099366,0.3926567561690838,0.03904089514940811,-0.0004277253096479777,0.15323603936182034,-0.047253192058872094,"data,scientist"
35,0.3757885430954848,0.2183990144127267,-0.3101307816521361,-0.08783962857961805,-0.2409600454955442,-0.1291391427545226,0.03595773526773207,-0.0633979609961499,-0.04182899247230726,-0.024690705130284027,-0.017302818495417427,0.29573060025021036,-0.19141858814819207,0.029545593566941215,0.17323301879969913,0.262606306473693,0.004166413037217513,-0.025454645959337364,0.17010288001912124,-0.05113322449849862,"data,scientist"
36,0.2949651995082928,0.15869869598947264,-0.1613396384513742,-0.046313777637350874,-0.10033609642771121,-0.055933122331547895,0.010573479189354175,-0.024659647338991637,-0.042924215659585235,0.040601976317273254,0.07083467798171746,0.04570843814505154,-0.11439579444678429,0.004455097063821189,-0.0030200920002763174,0.014930294199264015,-0.0013274276471021507,0.03715332070502119,0.08110810239147527,0.04385216187403061,"data,scientist"
37,0.2873745810052141,0.09627560258276449,-0.13156170971901252,0.04036502996995478,-0.1724190970797763,-0.08113584488463842,-0.020758203886270706,0.0012147356369793052,-0.1075445909504417,-0.17657797443839884,0.01163739974946485,-0.09954608128504312,0.04042990563086872,0.03719930630532608,0.008956610642828527,-0.0448486109645331,0.0012605588308138057,-0.006538659990695776,0.07170037616589302,0.0317173089679739,"data,analyst"
38,0.3233802010416732,0.15818679520982365,-0.27967075610581,-0.06396896845730146,-0.054835673784309424,0.0016832613485643771,-0.04667656186117809,-0.021527574688813823,-0.10752036475773415,-0.05082816506025122,0.06966275057815682,-0.011535625433132168,0.0065859638799630775,0.05379613255201643,0.09673586365735662,-0.030688468529380415,-0.10050510723632869,-0.006564987445492684,0.04373463521829129,-0.047592864307560205,"data,analyst"
39,0.34413916737232175,0.057407320761920566,-0.13368056569493028,0.0918490738149256,-0.28193742669250393,-0.04386472309855164,-0.18014538304208216,0.25618533294206325,0.11309968978048582,0.008430802967054698,0.048201283152920396,-0.0842932268786635,0.04402044463400053,-0.14563544906201606,-0.06605742025364429,-0.053271724544400816,0.04429042817005388,-0.023525489289279805,0.013861036419601777,0.018678303242780518,"data,analyst"
40,0.4508704661319675,0.03796323581308036,-0.1885643035136126,-0.013503404232464955,-0.1368314042911663,-0.14762603350303297,-0.15907475907942809,-0.022865700736095878,-0.03971820574780155,-0.08711682969849913,0.049124540665323096,-0.12898918256456707,0.04768291118114999,-0.03580596985901685,-0.010504504443415432,-0.029059842035944843,0.05662257113199418,-0.025884097104201115,-0.010067285229180843,0.01639265270746271,"data,analyst"
41,0.37470579925530284,0.17218034634437673,-0.22213775545957762,-0.010618406642249386,-0.18883275068254793,-0.08499506001434193,-0.0013383717216264726,-0.07083772712461149,-0.08378667319732991,-0.11178459398594144,0.009766286345914433,-0.07325273276944025,0.12141074554213797,0.015360791830713925,-0.03550008932347866,0.02673150243084722,-0.00904182132748275,-0.005367489440141213,0.047286765805688226,-0.011735657960398684,"data,analyst"
42,0.26051858591748905,0.14280125622070272,-0.09847423975599777,-0.0467196288986787,-0.17839007320384567,-0.14132643088758,-0.1205293764482904,0.37759374038680477,0.25332191781851005,0.5021932652067561,0.25959430876270173,-0.21104278177581093,-0.05380308492952282,0.21680672135011117,-0.024074670940335142,0.1544276794248702,0.13554258807000705,-0.058687126438050116,0.006353787412329962,0.09505071877278538,"data,analyst"
43,0.37596800237009903,0.1945078837421037,-0.14098021756923787,0.021655421979658026,-0.15636729091683957,-0.048881001145984176,0.1384183539541031,-0.04764593059601923,-0.05254646902529155,-0.13361860697111547,-0.018879837147055982,-0.08017400689050393,0.03841422733215103,0.16138537110416024,0.014890368592620414,0.058687588392936765,-0.01096660173492064,-0.18188558255546414,-0.10258691343608922,0.0831303702019606,"data,analyst"
44,0.2973075397984543,0.1511705067793403,-0.14359581249339495,-0.03037321693045743,-0.1407440435484932,-0.07545721017050601,0.04081890685552898,-0.079903956044275,-0.06491580454527614,-0.15292732714584756,0.0395063159001748,-0.0731787674461175,0.06978045895596817,0.06591618916675661,-0.036771509543677194,-0.03728139941145075,-0.0005288558880506833,-0.0026640238710129,0.09278060731424376,0.02833381080937421,"data,analyst"
45,0.257752140038464,0.04472756678230214,-0.15643444968629544,0.08712916957291958,-0.15225060624212328,-0.0477875353941204,-0.16523100946682412,0.16462577854422672,-0.03623881144638357,-0.1272387976947546,-0.05167104720321122,0.047718273258419014,0.08063989086648188,-0.08766435740620875,0.004508098474005124,-0.0826390573379307,0.22116394463368155,0.10478382817213878,0.10873240940244783,-0.11453289205329732,"data,analyst"
46,0.2634181727352406,0.15994315887261093,-0.17637569489515606,-0.07057464537329138,-0.08706532506556615,-0.07578078484815239,0.10554833264281949,-0.09777049137916409,0.021367487268431722,-0.029208992419390865,-0.005262520892545643,-0.043673395845480606,0.08160691054669182,0.03592774135451477,0.004666182432895914,-0.04616573777469062,0.03963906643834255,0.017305660797379538,-0.0022119947427190105,0.018564666353294308,"data,analyst"
47,0.2934107632844257,0.06584179008534655,-0.14943129354164703,-0.026055502411553633,-0.041412894952164894,-0.10296558309489895,0.021632061069744704,-0.019759283833269733,-0.01109930972479913,-0.1062859987856851,0.045185849976915805,-0.06827894415092571,0.022237974270674293,-0.09695812167764556,0.04200805839140962,-0.007203669993799338,-0.005966803192062282,0.06866464172015846,0.05769744397264579,-0.005181042270997324,"data,analyst"
48,0.30099791971748513,0.1141189805886767,-0.24222885885897288,-0.0019458911939101691,-0.20859054538467997,-0.06933734279114616,-0.04382236463466005,0.08027309703230816,-0.045472060129394476,-0.14297453022628379,-0.05862994892770104,-0.04485538489154101,-0.02905667302586072,-0.03954378107782662,0.035102800953458003,-0.03588026886213777,0.05857181447989749,-0.1503952823635388,-0.14269945941812678,0.08607177820837965,"data,analyst"
49,0.25882146994177385,0.1420689403415588,-0.0980612470832044,-0.04653087165686465,-0.17787530596965964,-0.1409882158183623,-0.12034842104785404,0.37722436548407723,0.25329543665198057,0.5022214844670104,0.2597099622192084,-0.21122844645401886,-0.05388612977876521,0.2170789756803358,-0.02401779847721553,0.15466518617559039,0.1357942102550288,-0.05872410581426338,0.006442218672111536,0.09529765977002556,"data,analyst"
50,0.38591967663992743,0.1497822996165355,-0.1697445002511534,0.0457449500417952,-0.21054397665054742,-0.03753682465633233,-0.056783990862039856,0.15947481961741214,-0.021500778593953093,-0.18272658396897548,-0.05959916177141797,-0.08169776071306264,-0.0030731162036922452,-0.08516837985226956,-0.057097254719073356,-0.030341762762129177,0.01596553753659541,-0.016296396164708068,0.023864043578908412,0.07401975901493156,"data,analyst"
51,0.2944195487925228,0.11822340934621946,-0.1408618715636908,-0.04874154304780214,0.004659503270119893,0.08960888022432702,-0.001081684289170979,-0.10780266688095987,-0.07507392173806081,0.0641977948441132,0.0197610572968618,0.01874894637466147,0.04804613318640345,-0.24529899893882604,-0.03505258138052834,-0.1237273312856646,0.1622245169250232,-0.062415490704274275,-0.05175235876336168,-0.2015932282100206,"data,analyst"
52,0.3568548899380255,0.11851643959635974,-0.2745740374547885,-0.06806624998695286,-0.12816327463332536,0.28868100533964103,-0.1211320393063546,-0.07174469423835143,-0.14391518716124807,-0.1194660278388525,0.027165256291647132,-0.0968922159875428,0.06953378891866858,0.07056061516351343,-0.005509890865168769,0.00781893976015969,-0.016276441467555736,-0.04035242147703888,-0.0841257431512016,-0.019993668926339057,"data,analyst"
53,0.35036512587506435,0.22955268348257643,-0.22963438032327052,-0.04447298044783147,-0.20975102566170278,-0.0691471341080396,0.005043956918336418,0.04153472145741145,0.005123905550690042,-0.1409679720463971,-0.05435466853993842,-0.0753579133867547,0.09264998950038508,0.0713781235375221,0.03724969584855424,-0.0037268080877070568,0.026694574048765542,-0.08504019404086997,-0.012956267656877206,0.04417406735032728,"data,analyst"
54,0.40227118157151953,0.22518862792099437,-0.306128724419992,-0.06283674752513799,-0.2424002316320511,-0.10457202101622144,-0.022177569101852375,-0.006576903899425663,-0.02856278595103145,-0.10514115745895014,0.049376174807215095,-0.07413592982627798,0.13257719583678915,0.017090081376366,0.019516395024519993,-0.05466965829246583,0.015435280846695307,-0.029490840556666162,-0.058813587423104836,-0.014770792076915663,"data,analyst"
55,0.4304326244757244,-0.0026408771606772647,-0.057792648927138576,0.059520307281023026,-0.2536221476590091,-0.01096098924492638,-0.20673355670456017,0.12799027097520524,-0.0005509951311864925,-0.11812602607373514,-0.09455690129399735,-0.04113733477797074,0.01622337757647639,-0.06673824494227613,-0.0062990770042029645,-0.04852303105241178,-0.02859492356382544,-0.028403530906239597,0.006955883126024062,0.11343766501037572,"data,analyst"
56,0.35314106597938627,0.029297233310890656,-0.15509030211919958,0.15832548367299024,-0.0582626249907339,-0.053510098403972715,-0.12207477734713852,0.12346512990765794,-0.055991243091898436,-0.20683627434774632,-0.07300906773016426,0.05886815502912889,0.005439998382163818,-0.114416571104483,0.026963609465738406,-0.07258547465082504,0.22216812898170518,-0.0013057923612341228,0.024560507195488624,-0.017610661401079027,"data,analyst"
57,0.3451514087281937,0.1679726205656946,-0.28342869297774886,-0.07226483867168192,-0.1741243261264503,-0.09900932336640672,0.03218747455555398,-0.04215891130599758,-0.057391830269549894,-0.19213030608965365,0.051272067866858645,-0.11089380829552689,0.07865170173475171,0.08592926377480596,0.011561542693766719,-0.012238601386455338,0.01374996907626104,-0.08752029458820584,-0.05876955149674451,0.06324679623565219,"data,analyst"
58,0.3136025477255192,0.15374329141422152,-0.1535942762412277,-0.025837771691978123,-0.06461257234680463,-0.01277511356070033,-0.014540611529923425,-0.08185344933963531,-0.12631595901464862,0.04780805157546347,0.050117399739305846,-0.004325582392676109,0.06640683789197066,-0.2660009085945244,0.005128550667824497,-0.10426784988727372,0.16223583013615972,-0.0796333826271977,-0.08353575196952534,-0.20465072829946956,"data,analyst"
59,0.13838009168641294,0.07285908758705348,-0.13001951199531042,-0.014528748148782895,-0.1534858781042775,-0.055555310738763,-0.0734100222985113,0.02639084185195569,-0.04287337287531623,-0.02153255402999563,0.031117680718983937,0.013569980187476863,-0.039502682185316745,-0.03791942282462383,0.031119552125835875,-0.01099695666745298,0.09637796936859992,-0.0656058819090297,-0.05400086895577902,-0.03253128714862132,"data,analyst"
60,0.24813820068527961,0.08438194730447154,-0.1428745900218597,-0.0226946012981931,-0.233641357823357,-0.04636944747966477,-0.09517442347474102,0.10231212134672579,-0.09309946124586743,-0.07195533174723376,-0.021458906544585647,0.019486386230103916,-0.04784993560376691,-0.050661349135886345,0.012163891702784296,-0.026723000511299333,0.05823155287861629,-0.16138698570212034,-0.1623559348540739,0.13901668083064442,"data,analyst"
61,0.18900850595487945,-0.07894825405060757,0.03325260755089766,0.22749594330469636,-0.08668117117378929,0.007827757656803347,0.10691416190751725,-0.08095599035481948,-0.04224496842795844,0.04250886934611156,0.03091481728520356,-0.0348822605882229,0.04570117409379173,0.11251878931150198,0.027699817435430988,0.09033468995375965,-0.11415813289852966,-0.0941519159581495,-0.12786676890197118,-0.06664924733659008,"project,manager"
62,0.4059549079423137,-0.17072077400127195,0.016783794291066655,0.38442180515223,-0.13569469479164373,0.0860916671328803,0.111802896175173,-0.05422625971721473,-0.030213703964784344,-0.004641657515325387,-0.018917462288546107,-0.06266274073704889,0.04229298585906294,0.07193107857009277,-0.013846675526593362,0.0907201170933803,-0.16268783363252007,-0.05586078410201405,0.03699280984408074,0.047510371610852246,"project,manager"
63,0.30786620876956744,-0.023685440612778125,-0.0617252618836787,0.24438684041717632,-0.0710450909173571,0.018176633881094743,-0.04534024807492022,0.31298260887042373,0.15657956133919232,0.07599181504571292,0.0412001894773693,-0.04315970639861169,0.05880159924486515,-0.16784584639141853,-0.10379150327258492,0.006391208269402962,-0.009974812887411455,0.012856263655256498,0.054141724619712395,0.004200771441691174,"project,manager"
64,0.4319844798905399,-0.08167647076002804,-0.034290269861770264,0.3214793340893262,-0.039704810795561096,0.03921137372498564,-0.010881526563832006,0.20295267818803575,0.22343557458348148,0.09008365240502615,-0.001377631385963015,0.000396182666617752,0.05593185743528873,-0.19359340593057398,-0.09072027774332532,0.026727856982848627,-0.047116910395613096,0.03250073311592678,-0.005308859513254721,-0.03711240295966928,"project,manager"
65,0.26611346711333506,-0.15230347537185024,0.023225162824191493,0.2088972884455371,-0.13302752973965723,0.02935095628097877,0.051151754965316806,-0.017105753904113497,-0.03297448842227609,0.03643997842230982,-0.06544500332995179,-0.00038324617690222796,-0.026430466920360433,0.021284961704789638,-0.0812713078659938,-0.005469304230258891,-0.02548602550613769,-0.05630114153466894,-0.06153311259699135,0.034514164969849374,"project,manager"
66,0.2807020115502256,-0.20601095240971862,0.03392583392193783,0.32889892244982766,-0.07079243458387222,0.06460566658274122,-0.11780753821756378,-0.13503655719127602,0.13096323789151232,0.010865231796070659,0.3509793585580799,0.4858250405048457,0.3831650172253676,0.08958085551796377,-0.008951399397511295,-0.023715816405151316,0.24476249442303333,0.04412813375883903,0.08391741541398189,-0.061760729466605914,"project,manager"
67,0.2807020115502256,-0.20601095240971862,0.03392583392193783,0.32889892244982766,-0.07079243458387222,0.06460566658274122,-0.11780753821756378,-0.13503655719127602,0.13096323789151232,0.010865231796070659,0.3509793585580799,0.4858250405048457,0.3831650172253676,0.08958085551796377,-0.008951399397511295,-0.023715816405151316,0.24476249442303333,0.04412813375883903,0.08391741541398189,-0.061760729466605914,"project,manager"
68,0.3067820908002458,-0.12087316295065505,-0.02215966080291861,0.4128337760485787,-0.008001564276048208,0.0760887182987926,0.1897938187935627,0.15320178764481954,0.020031924652870195,-0.0319294729523371,0.06209510409283416,0.015830052653017332,-0.0432283276980969,-0.08848988311269501,-0.015206497580138506,0.04286052571175191,-0.1536121392278471,-0.006927218799189068,-0.034155289195007696,-0.10638995971723482,"project,manager"
69,0.3497219567613039,-0.24409241017307848,0.07824032336513356,0.2470642534285397,-0.18462815972640884,-0.008621992363056798,-0.0787834993061638,-0.1949524269041508,-0.07968854008623069,0.16605106299348515,-0.07596921049307523,-0.012158354769875961,0.025446911690148916,0.027781282864970606,-0.06896896476910583,0.05320598295931009,-0.04511870059804842,-0.02980113790071305,-0.07841180452813602,0.07874591291360539,"project,manager"
70,0.34650648764744935,-0.1426870499429989,0.0263871015329616,0.4437060112459364,0.09364627218439493,-0.041970223829981605,0.08531018108753471,0.05790594985644361,0.012614087837779857,-0.11192380707398092,0.09591767869193932,0.003279573272672098,-0.033772241916761855,0.019982929076854332,0.012302276910688444,-0.009910304977214159,-0.04702599286089667,-0.02703257394019937,-0.05765304647217516,-0.07749777566953808,"project,manager"
71,0.47246416467389524,-0.19015297381026525,0.012021809589901719,0.41590568839772163,-0.03273253004730626,0.009060434326937369,0.008973592822270855,0.0044822914098033885,0.05762381616783429,-0.03209014649437454,0.03383628920113575,0.03754521936707476,-0.059351713735139394,-0.04524048060520575,-0.029116971639809697,0.029356412308802798,-0.08019968109974157,-0.016492325940627627,-0.013584899475410486,0.07723647794993875,"project,manager"
72,0.2711258222385847,-0.12824193327922753,0.04682236883621885,0.2220563980005205,-0.09680226723369918,0.01269208477704474,-0.0028959595591442648,-0.16237750180109572,-0.0715018354702159,0.0890021854882112,0.017167257144683118,0.032830291007810396,-0.027002577317766077,0.028649004923206583,0.008497929722723127,0.12553472065405064,-0.057132500355765434,-0.11009142868614064,-0.12824169592365192,0.01463310150194993,"project,manager"
73,0.3090688945270389,-0.1237011701462176,-0.010358586602378464,0.41154236169309505,-0.06937162561552186,0.03402321376562804,0.1519808341529857,-0.05816195732438195,-0.04403148315225511,-0.043982553169275886,0.04273457511246367,-0.09125375888833663,0.02855044516745463,0.10568921978081598,0.0036723297081675444,0.1188046518389172,-0.0990778103123051,-0.11692861428676984,-0.08205741472674341,-0.06517013212200237,"project,manager"
74,0.4166239714702251,-0.16433505592354875,0.03600406837969863,0.3869733940238294,-0.1341168603748317,0.036382498782854614,0.1354299959282535,-0.06780763582360497,-0.05211375695871286,0.014838371950717064,-0.0008222042176709238,-0.019499891556676918,0.02607889098852019,0.06490015188962889,-0.03089694250265539,0.025588531185458008,-0.12123389318443518,0.014439580336660103,-0.0663102826757606,-0.014462965068450302,"project,manager"
75,0.4035095543893983,-0.09326248719025548,-0.04390177000540117,0.1652748916748071,-0.07883819075268006,0.17214296268414658,-0.11072889153453062,0.07638719844241819,0.14287654771105932,0.032698008255206454,-0.18081080582709025,0.06200599408782065,0.007470565656706573,-0.0558423710912434,0.040543394228180964,-0.06413326308090038,-0.0361140648728162,-0.01825072157338934,0.08097300476280458,-0.09227182085473863,"project,manager"
76,0.42231225594470273,-0.18435452036714195,0.043714116744567565,0.4844714159109437,-0.12991642552631122,0.09058061414687982,0.1963783008652459,0.007533341651519284,-0.04913135870074174,0.018759949418880335,-0.003904118178179602,-0.024766510849737057,-0.049102288816763956,0.04819566777213005,0.015130817041973227,0.06473721314418576,-0.08973791394105636,-0.07457316975169737,-0.0504848450197233,0.015679169480416085,"project,manager"
77,0.2668621439792465,-0.13349054892294343,0.03748478612603058,0.17680506359320117,-0.08025924413325573,-0.003173868016672048,-0.012460138352032166,-0.15464467581038072,-0.098902184193868,0.13374944953928122,-0.0005998704935195024,0.050895494267520755,0.03417289638498233,0.015101138320052932,-0.04754518639818004,0.09171609180635767,0.04992006944905175,0.008957574794034862,-0.15329326923256203,0.051017154872953954,"project,manager"
78,0.31620901207459984,-0.11429006182583262,0.005401250574646758,0.41608446592185194,-0.06475542223279321,0.05576127295307156,0.195557747658315,0.07485314324955068,0.026242012414767424,-0.06943781678537074,0.039118889517484066,0.04593038228428734,-0.003936451565340477,-0.04170327316874432,0.05214926715656815,-0.07027553284204696,-0.03680965377720058,0.05235257525065389,0.01938236752450223,0.015485563692210708,"project,manager"
79,0.45215045676528903,-0.0667794185296487,-0.06833792745237997,0.3550429632604119,0.0416598028044877,0.0737721355315051,0.09842230438530533,0.17349920342109845,0.11237497493238978,-0.061931837255453266,-0.03918590796905893,-0.021969930295759256,-0.04540725526177397,-0.15550663059513095,0.03205161480032578,-0.007903326972054908,-0.14108658868796903,0.09158397823914981,0.032053899989814304,-0.024565967919486117,"project,manager"
80,0.2506548718507784,-0.09810178475390356,-0.016227512752191524,0.1863194414215053,-0.02022645416940932,0.08076623919474231,0.05525394265904515,0.04571754550221978,-0.03480128090340557,-0.012830270589985539,-0.10110248448092282,-0.013088609605555012,-0.06835318099016091,-0.004277835530084343,-0.03828204368650867,-0.016822079322268056,-0.04207129422840953,-0.01730825250474856,0.09005056911743956,0.010613235918442092,"project,manager"
81,0.4725374033620652,0.13431526332709987,-0.1274740248295561,0.010133243084334321,0.12982799442173032,0.300289536426341,0.08817759946200503,-0.15507458116521022,0.021427606946248994,0.037894997444839006,0.14330013246261641,-0.0607115028572668,0.04874859228472229,0.006359359974433959,-0.061252382816597895,-0.04278693474802707,-0.002621811238110781,-0.003702962613713095,0.016707440385227777,0.08568933996458329,"project,manager"
82,0.25891963190596823,-0.09016614704621993,0.05304822491242118,0.09085059931599439,-0.038080822746535244,-0.014497830305776269,0.02779481611027978,-0.11951129801745247,-0.036854194703935785,0.09332171908168668,-0.03170808988356547,-0.001503389129808064,-0.0009478145253955499,0.00728815478590182,0.02129658204946336,-0.03621024503899933,-0.0010293856788475423,-0.1243160685876261,0.006388346108060147,-0.013249885678866428,"project,manager"
83,0.3080276031432347,-0.13964024178642695,0.0212914773032659,0.32232966510861444,-0.07667645567149577,0.059978999960524346,0.3466553188103963,-0.05449218515235987,-0.22048910826314366,0.17125276457765584,-0.023563130838188225,-0.19387834127453543,-0.18649889549777146,0.16495314525652321,0.29335094996880984,-0.22203848299536122,0.4237636448691007,0.19539303819249002,0.03651556355770809,0.03190053377177691,"project,manager"
84,0.3080276031432347,-0.13964024178642695,0.0212914773032659,0.32232966510861444,-0.07667645567149577,0.059978999960524346,0.3466553188103963,-0.05449218515235987,-0.22048910826314366,0.17125276457765584,-0.023563130838188225,-0.19387834127453543,-0.18649889549777146,0.16495314525652321,0.29335094996880984,-0.22203848299536122,0.4237636448691007,0.19539303819249002,0.03651556355770809,0.03190053377177691,"project,manager"
85,0.3533900450675787,-0.19450996638098192,0.04168345238218883,0.19549704019404765,-0.03315441161984373,-0.019682719488244745,-0.021612896844247706,-0.0715087938988786,-0.05478921551015987,0.018494476675248134,-0.04824407382801378,-0.07360207380738304,-0.04609034377336145,-0.04217082925387249,-0.06087868764254776,-0.07487201030574966,-0.012070464229416334,0.01719054948927006,0.039722403552477914,0.04007005328297619,"project,manager"
86,0.38295600837148286,-0.1618638043168989,-0.01440127686459844,0.49160081898627134,-0.041178556487367096,0.07461460255685763,0.18853590553720306,0.07596074075807373,0.006053203010065978,-0.05997377708427591,0.06342422847287595,-0.02972696652867106,-0.04320531809849303,-0.01809430430983325,0.002526248458024618,0.022888916479194953,-0.11310944994028937,-0.031134160088081717,0.024684536666080295,-0.0036432251568602934,"project,manager"
87,0.3795902519490335,-0.07721114513828814,-0.03457784381622725,0.3295555080752903,0.10283023237847125,-0.02525039334445145,0.13103510470084923,0.08278811590653556,0.07759493775698216,-0.028538027639352904,0.01041747523614576,-0.03789059717481358,-0.019972142228428046,-0.10857663798895656,0.011678710934853386,0.0031346341435973526,-0.09165208802164215,0.011945725932071041,-0.023763585060782647,-0.062449503915645174,"project,manager"
88,0.3700170374123827,-0.1577650921527289,0.06828811294805288,-0.06230651744974331,-0.016348958712250894,0.06144111637328786,0.046715238742280014,0.050173834565454226,0.10898025625027095,0.012087312171886307,-0.15317840224029922,0.11476374251057782,-0.07600882763351698,-0.022871537259222748,0.06848103253185586,-0.07039696655046357,0.028416794545102955,0.01718573459741976,0.10510585523299007,0.0033379870447566417,"product,manager"
89,0.3149819113648474,0.1368457772752768,-0.08164911919634667,-0.1081207263247738,0.03641633318727619,0.046435633664941356,0.050560935361556335,-0.02420842951343344,0.05312288666191272,-0.026229493718932052,-0.07860674488161813,-0.09184833326423585,0.09867676927513645,0.07547867976299036,0.05597043261694652,0.07719166952370159,-0.03791778480526661,-0.027412389589698927,0.06259255689503995,0.10838630602906424,"product,manager"
90,0.4341455720911317,-0.057717794772996725,0.02266249097791351,-0.04908642579948529,-0.017517713733544906,0.12404469507345373,-0.0030982460162242787,0.023158221505490007,0.18209205516816135,0.13559331591558949,-0.22173983168540698,0.07084473908001912,-0.056795196004834125,-0.060724887553371305,-0.06864303308827793,0.058033927149596834,0.06761577229202392,-0.027842691728305953,-0.06480381173665957,0.01852192162812198,"product,manager"
91,0.3848374985316015,-0.1841248703297029,0.04821016196497692,-0.07227785181667801,-0.05761051191179495,0.01209787184035145,-0.040228453477008506,-0.005767879504595282,0.11562645471180893,0.07905484380002087,-0.08066896421869586,0.06331832858531228,0.05431455885054247,-0.05801687467072454,-0.0073116192903391755,0.014265784730873924,0.021125630856256582,-0.0025968607959056538,0.03512372527816649,-0.046363082228537716,"product,manager"
92,0.33792818701640165,0.12241039560207281,-0.03559866847754409,-0.017319170174813058,-0.0020273556695542022,-0.026469735543161708,0.0404772183612817,0.02003754132858923,0.14227984216841338,0.08721887834947248,-0.11029825425629346,0.041705242588076064,-0.010487673784002139,-0.052106892871655375,-0.0103572260664773,0.014561670483667905,0.07675064623829805,0.017953260455283917,0.04708401418365682,0.0005317661009307134,"product,manager"
93,0.37602562508460935,0.06326363199314111,-0.11103075521372698,-0.11051727774771646,0.07560600085699803,0.174681239140635,0.007546790133005513,-0.11804303004426972,-0.005819792971274995,0.09450929840518804,0.02363577704080375,0.05814452693107187,-0.058653953260100894,-0.024472974314622437,-0.039095885117427565,0.010800093530629782,0.02439753607192596,-0.02536725214332923,-0.02232155936065682,-0.05085358123138532,"product,manager"
94,0.4685567197817912,0.14541177871350094,-0.03126240019125891,-0.08406799087789306,0.10938501938606218,-0.05220483741624573,0.0940342729649617,-0.03247565352565903,0.14835351171969052,0.01406430940376133,-0.06315145107299343,0.011583404133952013,-0.05146912887269873,-0.05597721907734915,-0.012691259662696195,0.016588302437008113,0.050178013597997895,0.028594290125077294,0.0447619889537339,0.04741083958136245,"product,manager"
95,0.3748128551182857,0.18353294490709904,-0.03870512415067574,-0.04024468049741702,0.065001415530471,-0.01411982763958305,0.24531675758962468,-0.13978157738697553,0.35058935705414745,0.008120305875461559,-0.3091907161301575,-0.012692510964033185,0.2697218691785103,-0.022702976425782152,0.007967535193708308,0.060189196059607486,0.044415312440236075,0.18609061197699342,-0.206357037708843,-0.10151198383275334,"product,manager"
96,0.30393391310356793,0.171704405201313,-0.1018304791733817,-0.1075450124449376,-0.021137133207864464,-0.02460856674633561,0.05924890383678409,-0.047526470686846005,0.07442459048311136,0.054608777607300395,-0.09105581718031501,0.06615272403042052,0.012913245077664734,0.05910315430215688,0.005683883548298994,0.01999194281734632,0.028859265129224643,-0.057592863293265094,-0.02586920300847182,-0.052802136803598854,"product,manager"
97,0.25372228489766474,0.17876033927139293,0.019610632698212324,-0.01176776868381263,-0.02500173280290586,-0.05760177641428399,0.11893421507872215,-0.09476266181057992,0.0400939261134088,0.10153688598939992,-0.005929327400915768,-0.025270556657321655,0.14605705130470928,0.04831434793210388,-0.07304915070406233,-0.012840716933806723,-0.021070664071735634,-0.1283749303874718,0.16458574821307564,0.03258135178462056,"product,manager"
98,0.41806927444032016,0.2376715072059508,-0.11099733961422233,-0.06379247240408871,-0.012467607329882849,-0.03495286741900978,0.21898910544144004,-0.11540463745305922,0.33582372841903246,-0.012142026964126983,-0.2809449713390656,-0.017964857464353206,0.2695392806887409,-0.007256014451209482,0.014506933414990493,0.03682450589094864,0.05615705416212209,0.1659293444060094,-0.2316742450731586,-0.10282849305159593,"product,manager"
99,0.27781041900193776,0.028722226552632926,-0.04310137424140387,-0.05477821896181461,0.016938587499625454,-0.027290726012449622,0.08981998451770762,0.05878092884665147,0.12052406576683831,0.03312550251540245,-0.06323257368466681,-0.0231412143805936,0.06717530383777086,0.01656514920762395,-0.01305732306103462,-0.036586864636989576,9.185129145584036e-05,0.02683687587754833,-0.05152082878479518,-0.07174198489510192,"product,manager"
100,0.3225452321906384,0.1515112385678522,-0.07200960689435232,-0.08212609943134241,0.029613216888831596,-0.07725963008195466,0.1757970316595992,-0.1571649066676508,0.11529499654835662,0.01582884482314321,-0.04865352222800983,-0.00881778234768369,0.06050121646223446,0.05414152068530463,-0.07668001253177158,-0.011432719830178992,-0.04615509432437469,-0.10844083066705683,0.10885551851562768,0.04991918383155761,"product,manager"
101,0.4522994408887236,0.2101666124381173,-0.0037826598726230275,-0.05512718743424785,0.02286121203552934,0.010251619687509605,0.15054475366028472,-0.06691717655118447,0.16391891442712223,-0.04903316865034209,-0.19489132683745938,-0.0025309055968183746,0.0012466070138671668,0.06993075584729745,-0.032846328238735144,0.054125277151027974,0.04279940477432587,-0.07920682270498067,-0.06661553481588463,0.07186852403539261,"product,manager"
102,0.3053865718713503,0.16217625884680612,-0.02724493801391286,-0.06735153686008757,-0.019691518458549852,-0.04601419682255023,0.15564022218943396,-0.12874320802123876,0.16769857459088794,0.036309623011586946,-0.152824040226002,0.06563632844229056,0.02904365486851651,-0.05589126796620313,0.08675923841658005,0.004175037779731449,0.04028039477687896,-0.056824012351557346,0.03781432053449409,0.0095018404434114,"product,manager"
103,0.3908081786064167,0.07741889945836888,0.012670949155629514,0.012072291066138472,0.03449248618085731,0.0427842748130332,0.023200129100827034,-0.018264992456575042,0.18834141860201384,0.03467278050894442,-0.1008582386801657,-0.0014319833871530479,-0.0263025557411921,-0.08652966355403892,0.01859772986585407,0.01943730480453569,0.05709284455298054,-0.06585386775196121,-0.030902960728204268,0.025339213678648217,"product,manager"
104,0.35586208553936366,0.17460288943511934,-0.015019781301345866,-0.025550141869972127,0.03420802967650165,0.0026859040372217277,0.13553449740626963,-0.13735568086122257,0.12676332508688593,-0.03824444198986917,-0.09601519728458195,0.03181347177681749,0.029799637572568864,0.03974587648479074,-0.03956334959082896,0.04533737150714216,0.0038535242704766243,-0.0492786484225439,0.018204108384700865,0.07135725429129204,"product,manager"
105,0.3142183885628717,0.1374999177652737,0.0028711445567969843,-0.03241773309133657,0.019119988951614656,0.05937624022289388,0.099262867479505,-0.07467139916230399,0.10234772767186559,0.039163000948657045,-0.1279653943472374,0.039762905090317116,-0.017306700105967483,-0.09830687925293286,0.03683752380047335,-0.012060790659282507,0.059700510271281815,0.008650286080038375,-0.01444139278878476,0.005279923234791928,"product,manager"
106,0.2778238736897428,-0.12696854092088153,0.03418301278453475,-0.06736603048289837,-0.05809212656398999,-0.029429847087380563,0.03718011355491901,-0.03087412806198766,-0.07342660504985615,0.06332397187639642,-0.06189717080080806,0.017304124947950715,0.016500235316396977,0.015782460254826953,-0.06321290247726695,0.048800902762432846,0.011892606520101648,-0.04533262120236102,-0.0008841639862953977,0.03131160951579029,"account,manager"
107,0.25866609232760773,-0.07399239816372066,-0.010601943687185299,-0.029039814385118847,0.024317388546538792,-0.010153602938975563,-0.01046057153016471,0.004962968719217246,0.011423568977593565,-0.012505132677877633,-0.030113851333196443,-0.02887293081225475,0.0310878546818001,-0.06857357621205762,-0.08881250271608063,0.02567463178265711,0.01747250128462252,0.08748111582758607,0.1976978645531653,-0.031287144421187234,"account,manager"
108,0.4109669975668755,-0.2706644760776647,0.017943280566552422,0.10989193465790506,0.24247962607447116,-0.22168450463468004,-0.21025832545056738,-0.053183175038101944,0.17458446797465318,-0.2753950266048264,0.12967548288760702,-0.060224471482518714,-0.14495122583051484,0.05927209205037906,0.009984867207167607,0.04385518353467194,0.047469077083595206,-0.035878817002625234,-0.021247492079959192,-0.07961460228351566,"account,manager"
109,0.3619667461480242,-0.37109308189032075,0.1841202889180262,-0.21198264709223055,-0.1524497311103188,-0.05686679729514239,-0.11915405049359537,-0.07816959137771505,0.1269795661792708,-0.010649705123052135,0.03733057676946094,0.059193744495804786,0.10471128653479536,0.03684613278100256,0.357321973948958,-0.10269315641599326,-0.18112617015554774,0.08057440778448008,-0.06930455279548221,0.36877751648833235,"account,manager"
110,0.4992212830358328,-0.3172234335709314,0.12955653368553613,-0.18318818378813934,-0.06029524264196689,-0.02538824764800866,-0.02744230194157404,0.016904534015391583,0.15926962385511187,-0.05165277658884269,-0.04984963322900777,0.0028135802682187835,-0.028572104328395645,0.03361059100811566,0.08002940795178144,-0.03125464467602111,-0.028472026223774663,0.006395088229003303,0.0734211760992067,-0.003424032041339137,"account,manager"
111,0.27195481111049,-0.15708090301245192,0.044654242459133714,0.0033206505112116126,-0.029499138353298295,0.041512461795095046,-0.045952683661619115,-0.01902352977978219,0.09321167228275744,-0.05236142559959839,-0.05215253821098641,-0.052907133655411345,-0.05512116452560519,0.06935502697580778,0.05924872200421524,0.040212205283464204,-0.03080581688455873,0.018063725333623555,0.10686928041671949,-0.08363556844360734,"account,manager"
112,0.35492133295342876,-0.2998328299389663,0.11848414617944956,-0.042573325359658805,-0.11224850258689183,-0.07247184272384101,-0.0671256859486872,-0.13132679219641288,-0.03844297289449379,0.07146228773207192,-0.004988825041815916,-0.023354470836641716,0.07534536751621652,0.07207662560072585,0.002419119097771641,0.08610708473202064,0.005741580602252543,-0.054762499044609364,-0.07922310953101445,-0.023066779837613835,"account,manager"
113,0.3951001385756031,-0.1701360577829719,0.02731369942957653,-0.023775288226906145,0.1525197844191029,-0.1312838635327811,-0.09909388548735007,-0.027534831159778658,0.18772579052597865,-0.21958405645710047,0.09748548770725893,-0.057620905372168116,-0.10510848223830482,0.043533705149622175,0.05864978786585547,0.03463727495027565,0.07045370571314048,-0.04704931707177952,-0.010841305223465856,-0.03535902011776844,"account,manager"
114,0.37956881632143474,-0.21559834872886863,0.04040175732280484,0.09930629148624694,0.04754354476111703,-0.11836896674285036,-0.2998955441658346,-0.09125865280777234,0.11336498471379643,-0.08215040374371321,-0.06590332126965087,-0.0931857342729207,-0.057476304239713116,-0.04119201600656802,0.02600147659989063,-0.041100160176992424,0.00989496026238677,0.04422291991787372,0.09875325316264755,0.03338753391111902,"account,manager"
115,0.3608122423095134,-0.21365322036994802,0.06403087497783753,0.006769346480746041,-0.01148171533767028,-0.03041217190799427,-0.07239784938439849,-0.14245645522497422,0.08592623833111378,-0.03900327582465791,-0.033147400372594615,-0.05447096858330075,-0.07021326022122354,-0.0008585585866957958,-0.004592386220752979,0.10275739591009589,-0.03358713061234217,-0.04971726995824429,0.02445390032969101,0.002145310927405723,"account,manager"
116,0.282493510284317,-0.028683208193695527,-0.026327987782047094,-0.11405250856820338,-0.03370316072333571,-0.04235742802298176,0.10966832628949374,0.16890009265745953,0.03871657542316036,-0.002810957234526443,0.08590447003846148,-0.06874085743194554,0.07466850008681843,0.0680808403371686,-0.12925093602282983,0.07760454643540433,0.05602721801212212,-0.009785145864668743,0.1009472155600163,0.014610993986125507,"account,manager"
117,0.33522717421063014,-0.1880188575976024,0.03027410218858988,0.09006931906250319,-0.033837867319705325,-0.014940257398956864,-0.27959669283586147,-0.08154146408786356,0.06521114818514263,0.008506491638912966,-0.06295303316405731,-0.08511903424811025,0.014420995861447256,-0.059920145506116775,-0.05722736831628008,-0.05793559927483727,0.024262477268751623,0.12363974709040179,0.13645010284737316,0.04029576848217314,"account,manager"
118,0.43185631571471983,-0.34951893181690347,0.12924374305356556,-0.21753824630014637,0.052521413546435435,-0.10339765420839153,-0.03367995365290042,-0.06420535397215432,0.07081812920490647,-0.12655808708013971,0.21593034045116788,-0.07579724761811578,-0.015562625397819961,0.17198858807278877,0.17741705301061467,-0.05344039911992524,-0.01875782770257102,0.05839760174782977,-0.2097373129355416,-0.2211640140019148,"account,manager"
119,0.43185631571471983,-0.34951893181690347,0.12924374305356556,-0.21753824630014637,0.052521413546435435,-0.10339765420839153,-0.03367995365290042,-0.06420535397215432,0.07081812920490647,-0.12655808708013971,0.21593034045116788,-0.07579724761811578,-0.015562625397819961,0.17198858807278877,0.17741705301061467,-0.05344039911992524,-0.01875782770257102,0.05839760174782977,-0.2097373129355416,-0.2211640140019148,"account,manager"
120,0.3635357098042004,-0.1585609333922799,0.04793553142366089,0.010675105018994305,0.011047451699914236,-0.1271788089880911,-0.17064514399263764,-0.17696833661607686,-0.014856536694786107,0.023679299924788295,-0.04856320683177736,-0.1214593487163465,0.0393277743070087,-0.03404190299894291,-0.055432470526887795,-0.0515611416514187,-0.029490214214286173,0.10189396362456635,0.11202351721363724,0.04161147654341987,"account,manager"
121,0.4312285058005505,-0.1257611077997758,0.000676255319011334,0.12351395642247187,0.22955381757730423,-0.14993894663830445,-0.17020607919848982,-0.07712020499656921,0.19348820578500572,-0.12391036830459133,0.052041422279904104,-0.05213737257274106,-0.1201388305144429,-0.009671222248104384,0.06513853646664156,-0.04006779046616906,0.08587813978050414,-0.06444881094161728,-0.025506958070656578,-0.039738800494689336,"account,manager"
122,0.3750523016410942,-0.1606477986419324,0.027006846094072532,-0.06700508441262336,0.003908511604307919,0.034686953194123994,-0.01656229407483948,0.20836760666495457,0.10089501301662088,0.04276994714476978,0.0006576831096009091,-0.03590988907117203,0.02529585787579297,0.04961528411606277,-0.04291434071013012,0.11596223288762098,-0.021552209767789557,0.03739479425761834,0.020873727343990723,-0.007027120962525491,"account,manager"
123,0.40221574298010626,-0.18683984692107108,0.05158138582258249,0.07257596562932066,0.12944649544380518,-0.1904036874039969,-0.24432291178412743,-0.1871009288241933,0.08495823744590021,-0.08161488431905503,-0.001871065223644213,-0.016468882938247907,-0.213090003171909,0.004027268046381854,-0.02517909059989519,0.024534591066712696,0.08108078451071446,-0.05834645845764265,-0.08790270216298214,0.02176634825279464,"account,manager"
124,0.30630737315806794,-0.013283869177335171,-0.04038538803261583,-0.1620257642600286,0.12441934174333392,0.13542848034810098,0.057101327654732845,0.013649584533914861,0.08060356185120053,-0.03321271912914806,0.09012839203126911,-0.022801750719079143,-0.06586102345247671,0.05868310675583554,-0.015934190917534827,0.02776838190381886,0.05540704859022202,0.0046389408930574754,-0.04765057178969904,-0.020949046508812158,"account,manager"
125,0.40773836472421787,-0.1226804062398834,0.02522020880213052,-0.1313711670258121,0.2759044223583982,-0.10791519073764702,0.03907599669418059,0.05637474933790641,0.1266568918803399,-0.15185895589969417,0.14943806955677152,-0.06694215386789018,-0.07389731850385077,0.05748502391706042,-0.03511248866875584,0.10994453043900253,0.07773639902041585,0.03449615638961505,0.006500899738445234,-0.011787914785193305,"account,manager"
126,0.3342688388680948,-0.06710756774162949,0.0456340310291151,-0.1069902617764526,0.08846603318443765,-0.08663767898018504,0.05563256716528088,0.18108590093151058,0.022137873322676895,-0.005779943291765849,-0.003880730873064873,0.1426364994386502,-0.08438401457217401,-0.014924081247594107,0.03480191470531456,0.017874326281347577,0.0050768089318442965,-0.0704496205867473,-0.04406394660802288,0.03826237161667962,"account,manager"
127,0.3704804741355166,-0.19457767093541203,0.03790901603587174,0.10391285343527078,0.004848099538147368,-0.08955977943386273,-0.23416262488641887,-0.1379407680235987,-0.02974040047826909,0.046569203592280235,-0.06406660380610979,-0.09693346477549043,-0.1007643774856544,-0.031711416416332704,-0.11131300388750531,-0.01957828584377891,0.05550675161587811,0.0844166536639354,0.1399685206152355,-0.05509233366468639,"account,manager"
128,0.39968195828518405,0.02339795558280063,-0.09062659047833875,0.14133879739596658,0.26972397339711873,-0.15809734946823226,0.005232059187628907,0.012974899766181436,-0.06938773320428632,0.050792283271807064,0.02748731090023137,0.011722681286293096,0.013398530092588137,-0.0922464215364504,0.01282578263529501,-0.01815213162484377,-0.09438639904426685,-0.03357639935588096,0.03600780953378594,0.11554696789698551,consultant
129,0.36166284679174837,0.029150350902955313,-0.04911628122857604,-0.15560937355139287,0.18754764118043,-0.03637909205137782,0.08229947404518831,-0.06981156639329972,0.03522872075597216,0.06016971302735598,0.06464551398128221,-0.049219459182991275,0.04158957613166627,-0.004266621665549789,-0.04320132949148847,0.04082068634864333,0.06750561042351091,-0.0006665099253161124,-0.01648862013149948,-0.003593094111235447,consultant
130,0.33933806347954965,0.06428975118045673,-0.2252884316408546,0.03807327067508797,0.21696332221667985,0.061729793700401304,-0.21980616233266817,0.26969570254724434,-0.21629747434057806,0.2046276961548266,-0.2185040662957538,0.1259629797537201,0.23637396313039463,0.2626787107589235,0.18309435960044315,-0.08890398419048169,-0.13881021360315415,0.0511662051107327,-0.010355127109517078,-0.1253965949201048,consultant
131,0.34533767622783257,0.05629331703430385,-0.20539772284341273,0.025020057796330198,0.23643513854640436,0.09553070738807883,-0.22061261367139237,0.24821882471176526,-0.21554255603971192,0.2251758580354858,-0.22345508273175532,0.10115868180792678,0.2309132166659131,0.2750130713895988,0.1772300462562014,-0.08104137505382436,-0.14906575867565497,0.06240797222132989,-0.013783756655648212,-0.12804581316345162,consultant
132,0.33876020782647526,0.032458714348271786,-0.11889076174230559,0.11851200103751135,0.4203460047361419,-0.21043642088748613,-0.04017801651712244,0.08851050430381517,-0.16009279014929742,0.03582804406118887,-0.08858833609811569,0.03659382155151824,0.1061882813439374,0.02770278621502583,0.009714172421513236,-0.010044316151001702,-0.03734489663920059,-0.05211031876305638,0.007621660647921778,0.015902303209549065,consultant
133,0.23324946637515392,0.051391921610499755,-0.08677965780058992,-0.017129944070269642,0.21945827330201065,-0.18278914083756934,0.02586497198563372,-0.14382390680623633,-0.039868441281140574,0.0041718745519663345,0.036534885935642004,-0.018555103000411008,-0.03258251036877474,-0.03223139148792691,-0.04944823918127244,0.0065844453089137275,0.07369231111235974,-0.0282240674218597,0.05158922763207528,0.009968981746966322,consultant
134,0.33289753380533954,0.04802579170415886,-0.1429896427950975,0.012696247924439994,0.2423481665596245,-0.13537277455702543,-0.07453318973448529,-0.027778978326750435,-0.0672910368943018,0.07768031771087154,-0.036778397804481125,-0.02747757695486937,0.03198068152302491,0.0245540409912286,-0.03256428098269644,0.03002517745456023,0.04933909337754031,0.002744180621261765,-0.02377669344258993,0.016021912828798012,consultant
135,0.4225361687441632,0.0725635538756659,-0.16756642227582433,-0.023112285214083362,0.31959106808275217,0.1407550908049783,-0.06256313925879288,-0.12731306641515663,-0.02906117130293483,-0.0179057242277899,0.10000698609407276,-0.10653863044314447,0.010615769966988271,0.055640236931048685,0.010796919453787664,0.028296450656005594,0.024763002707925443,0.018656601419839818,0.018426589884584576,-0.016126542294828496,consultant
136,0.24578869042021137,0.04937064781707437,-0.1259992561182186,-0.02568269451930148,0.16710024906610735,0.06498068047438811,-0.05425629176895153,-0.0016960637850100407,-0.028228887921407098,0.014735769861361873,0.06812243127066615,0.029916058530346637,-0.05669701705448295,-0.011841246543373608,0.03098277754131335,0.04238978467899293,0.005379586900965309,0.013093902037007579,-0.08352674138518884,0.02109252619844857,consultant
137,0.327405443231227,0.0480377713925935,-0.12196228432285544,0.10546143576934226,0.22196055753460192,-0.13732408114912356,0.005029824278619818,0.08388023465712911,-0.049881793757977036,-0.03656320929903903,-0.05799645458856988,-0.030279187268765696,0.07863136004379624,0.1090045048760606,-0.007545331171088102,0.0319554991594241,0.010296561123510512,-0.06023529044145965,0.0030279088764098563,0.12602217271808216,consultant
138,0.31295565717223345,0.03832741320900463,-0.10991703749358975,0.08073798831163252,0.3065031650865605,-0.16628605571191238,-0.08473600465444918,0.060801126851486406,-0.09963362637608185,-0.09679929200617252,-0.07969700279078322,-0.040813201629756046,0.03754464440856302,0.14169247352395922,-0.009990003310529374,-0.05405149370151496,0.08262358243151846,-0.005624773423136722,-0.011299268192181815,0.02385224436166107,consultant
139,0.1866682173905378,-0.007147396900325144,-0.031576130901605194,0.04123834938401741,0.10500339660951309,-0.09285898018934348,-0.036535158777794396,0.05378225312155284,-0.14503676235875862,0.12763997617044753,-0.16166484724038813,0.0014130715828136499,0.0574372427951323,-0.038888252927963454,0.010506958094746433,-0.05735475370003045,-0.0653932150708264,0.08977882284924601,0.14439196719882114,0.14830504664946106,consultant
140,0.35531668734759814,0.06613275462218951,-0.11693131353843296,0.04691586732469543,0.2944334051275742,-0.16784976985344624,0.03227233663791049,-0.047356364266799726,-0.08845895070694273,0.06829426942539293,-0.0012433219361189126,0.015426844470745249,0.05395421736317412,-0.005633416025517228,-0.02852137019235691,0.004318716707922364,-0.027236346269253447,-0.011107879938699593,0.06880546449458153,0.13340822058406027,consultant
141,0.31993159327710247,0.10726360753942853,-0.19405125713285729,0.014949255017277837,0.2075411263632611,-0.1360593261315446,-0.0640586777388151,-0.018934519190639196,-0.039344227207150924,-0.03870208203434687,0.010314305047529806,0.020357351033522358,0.005255795716853952,-0.0005454548383481026,0.09692443838706732,-0.10241158952215956,0.0403884694500746,-0.1028047861116812,-0.042664828678007964,0.04138592193563205,consultant
142,0.42274831964409,-0.024306933904535612,-0.13457275552296477,0.0974029969825492,0.4280461152998713,-0.23135981312458684,-0.05817662001000835,0.1343006039463383,-0.17753719837809878,0.03322690267350157,-0.10384384766491465,0.07701717641066533,0.05121987405304243,0.03809682312506131,0.003233719527241857,0.02812600207930725,-0.03462096548294985,-0.03938982929555065,-0.05703819349106556,0.024625640722029874,consultant
143,0.36222232223183,0.05973866476178871,-0.1268780000458769,0.09576875487960958,0.277278596391377,-0.1812795106892875,-0.002573385973649539,-0.01434162397873049,-0.04913400643057987,0.015625960978790505,0.006012548004032131,-0.0019759817863031067,0.02351266429527501,-0.02313540126362248,-0.017125095698680624,0.0019269849714989742,-0.03225588821911107,-0.011788466446562788,-0.00740455330940112,0.054997663513559475,consultant
144,0.39659453770707953,0.03136184929164853,-0.08635100728300539,-0.02894325278514958,0.09748490456824455,0.18090219352918305,-0.014144758827906367,-0.08978396737001763,-0.02063714675912943,0.016655683760159294,-0.07751759339277374,-0.0003761929396601161,0.035570234990952465,-0.0019070416103793395,-0.036093370124167926,-0.008412354643987853,0.08955146315151005,-0.031346641715558114,0.002074612244863572,0.010684978203021474,consultant
145,0.4093156922769355,-0.017012016303632038,-0.14837114072912524,0.21952353619034448,0.3954465052476703,-0.23310023412048436,-0.03746234579230843,0.07077887884368726,-0.08405935382163508,0.04933192721888026,-0.015310217730540802,0.05285494439227836,-0.006369868626159585,-0.002803921525929623,0.08753213288505884,0.00048118322366843234,-0.09204561824502511,0.009332139487643009,-0.01514607339067964,0.07781629003349447,consultant
146,0.29249183259577255,0.01961318299789956,-0.022247091302673255,-0.14065421492570165,0.13228716262947077,-0.0627605578833551,0.13480044668593866,0.06664278445899728,0.006351907983919361,-0.0014364912050176097,0.07980994551323808,-0.022371736665289205,0.07195630117173238,-0.017513702984016073,-0.05052335518394985,0.09378470985449536,-0.006089953292084694,0.022779816495440003,-0.03612584250819368,0.011284454843689834,consultant
147,0.3877781470755246,0.1802236376309375,-0.32414834772370954,-0.126416584101345,-0.03180427782266832,0.23813005191735306,-0.08425342838207506,0.08966046418363875,-0.05840920454988805,-0.13328315886944295,0.06981381114955643,-0.03347895860175354,-0.0023616227101888447,-0.02972866773869867,0.034468382203742785,-0.04837698100426494,-0.003301262982316309,-0.05458517533331799,-0.08811269199771518,0.0024025155189704786,consultant
148,0.28859997153337463,0.019148352765864858,-0.07385776565666824,0.08981625556440702,0.16975046261955956,-0.15345919213805764,-0.02514906781171178,0.014353231289953248,0.09207613373718099,-0.06564367534567357,-0.014867682816105295,-0.012526536832873336,-0.1213644581117046,-0.08847399734184437,-0.07588605699148306,-0.009954501794923389,0.05598509803778361,-0.0651360235549718,0.007450745663005702,0.00267439696355268,consultant
149,0.4379180435795264,0.16695566204852197,-0.03532161215518698,0.06260696924446976,0.1673560343863518,-0.1624816269608404,0.03636530453789848,-0.01665452550006864,0.029795010581861445,0.06334572808809574,0.010341062162391786,0.10781026589658037,-0.13349437043212425,-0.06780208739974053,-0.11961197354198196,-0.061919266982102046,0.002291121747790065,-0.012482199748683094,-0.02327352321621916,-0.020815850950504165,consultant
150,0.33118345997356047,0.10674908438975779,-0.09762861231367757,-0.0018468056911845616,0.18951885878078667,-0.1397148614979704,0.04976346725263892,-0.05052832906371256,0.018683019968072617,0.11501212690682713,-0.023355147104262584,0.1571959182264407,-0.13564600365785093,-0.06444349475801245,-0.11383143847526561,-0.010992277944060899,0.04470407847609886,-0.008993161964089943,-0.02844465524507075,0.036014875420646186,consultant
151,0.34166161577778964,0.05151798286512023,-0.173837507863713,-0.06666149599906833,0.07195220612967529,0.46538772146757856,-0.13105606729613087,0.054972033322831355,-0.050411868726422004,-0.07387890999108919,0.02620009106983609,-0.02183779551543285,-0.07315639071629092,0.01261321751701461,-0.014034372986950788,-0.030252581229277726,-0.0034504760779117804,-0.00561461456878473,0.024940770956773592,0.025959520780694894,marketing
152,0.35412578674659023,0.13320381988019173,-0.22269285206185951,-0.0694340936882153,-0.06817218141990039,0.023125382541223344,-0.0011755826661361125,-0.10402347514610766,-0.07207174353309379,0.014802234690633976,0.009549053891543745,-0.03140930381433242,0.07528925502907757,-0.035180287302997756,-0.03245025418550452,0.0060594797668101,0.04744506422107146,-0.02670780631419546,-0.08225823879023339,0.004846351672632528,marketing
153,0.3670423926407164,-0.06302296974578048,-0.0694260221356581,-0.04032449049480021,0.10066357415068493,0.40724300999823987,-0.2190041995571554,0.016823072341258058,-0.03128038387695095,-0.002846268878036692,0.02329076995767006,-0.00651649214445745,-0.034641738619015795,0.002083468939023659,-0.04817038790107213,-0.05450492310936056,0.010678961732840055,0.05112997894378175,0.03607290773509006,-0.0752259398596971,marketing
154,0.37317409303924504,-0.015498366466582782,-0.07153636147540098,0.03750579069245591,0.043273433314467424,0.37258862173980345,-0.18375532608028222,0.06006510526354322,0.0558601499186164,-0.04274585552173506,-0.002853243032646987,0.009283834985286324,-0.10680790978711745,-0.037916857442157836,-0.01004768879803473,-0.024262998844356322,-0.003125613973177014,0.05419103649717728,-0.008864992953802109,-0.028589048241583655,marketing
155,0.258080528080781,-0.024034341735044228,0.019253434704042543,0.002501979265599715,-0.0396701531064261,0.03117503933331852,-0.08420420625185619,-0.1777607156249468,-0.1702100203702918,0.06386381966696808,-0.017654130653249524,0.08024290400626051,-0.1116988802957402,-0.08079790237838869,-0.0990071037207529,0.052171384501731075,0.0453937867164787,-0.0003528849053510718,-0.11990350531814858,0.08807094416567281,marketing
156,0.5146860579519518,-0.038784910785732166,0.0014305188356640106,-0.04109102991474274,0.0865989627547736,0.28109043581469106,-0.10676758649741384,-0.0059294286093907415,0.05725043154335585,0.04192078176399862,0.04023392194725424,-0.06339536617417364,-0.0013977505727071965,-0.03670831550235038,0.02141276248690059,-0.0033221969445575844,-0.05354781886880663,-0.01778218548775492,0.03265228621724266,0.012337008847048483,marketing
157,0.42437277264459433,-0.009256231570678789,-0.043169418962777636,-0.0963218506405475,0.10318602248000029,0.43454634926180036,-0.12285605532047633,-0.05835222880495814,0.03635243529656061,0.027187414561838763,0.017608965910043885,-0.05090404477163949,-0.054548779837267705,0.053133292304083236,0.0150880958243543,-0.028749357239465225,-0.0611539542655184,-0.009991519543222464,0.017310986867492974,-0.0013234449383886116,marketing
158,0.3492773958761002,-0.032369656082671935,-0.04365362344569938,-0.02063691286738224,-0.0022408717331778025,0.22524001081450498,-0.1138560077586613,-0.17361121647284,-0.02041181884684828,0.06086450763368308,0.055586730099044065,0.01589110201851317,-0.1226846697932825,-0.0221737212594006,-0.014758242476170729,0.07400792685824475,-0.006808542592198479,-0.04871169046931907,0.014024570519716555,0.11979025209371394,marketing
159,0.34942621283177244,0.06268800909707783,-0.16514434490006527,-0.06992984894335884,0.09414515692477216,0.3633722000957142,-0.05637002406385571,-0.016971185402797045,-0.00043155665140842453,-0.025022159774084465,0.02026459334608122,-0.017874316305028518,-0.02412950694671738,0.009530845374818962,-0.01223671225935941,0.014101254157973614,-0.04180678557881207,-0.01742471136934531,0.02291775236190626,-0.04050221936699612,marketing
160,0.4205318762225497,0.04750231302602402,-0.11419080836499823,-0.16788178262869116,0.1590680913898721,0.2776849532722324,0.10576301209768159,-0.05050209770023703,0.08675870905289543,0.07749071783291617,0.11785054860828635,0.004368112240832445,-0.07202031884753018,0.006493219999960603,0.03208630996384182,0.01977458870948793,-0.045626010682529264,0.030440212560950475,-0.0549744243890835,0.0943161106807743,marketing
161,0.4161039287892708,-0.017559594721954862,-0.1273508728823798,3.318563510979833e-05,0.11451326141907321,0.43451234399793626,-0.04766078810811608,0.06907000606841228,-0.019758032959565387,-0.04106078139427312,0.004869616050424724,-0.025862513469686457,-0.07745969705554817,-0.016024969753284855,0.01640048367190835,-0.03573089667701846,-0.03431554930113919,-0.014714481377959939,0.035499244638421974,0.0487158234081478,marketing
162,0.3383548984845367,0.09767825950512829,-0.07039072053384242,-0.09050346891666199,0.15714725453491885,0.19403504190110107,0.08707004909271572,-0.08730155879252507,0.08908704839781846,0.06594017754295627,0.05952570466890273,-0.021598762978456497,-0.039533822406258086,-0.019261666304511402,-0.047230648553778856,0.01296070733901342,0.02941755637462132,0.06357906342864365,0.0025080931398503642,0.05428764050251958,marketing
163,0.4463927523915476,0.12361932722948586,-0.16852258310159576,-0.15872076675046645,0.14559684494957434,0.327595129495134,0.06894550613897335,-0.14865355749161868,0.04526095271192031,0.0750472298926074,0.14863452914782344,-0.0755690350413328,-0.009314151695143871,0.047265958513196,-0.03205073489597642,-0.03262152818070293,0.004313084780900081,-0.004981835590759905,-0.019231596873135567,0.15262184050560293,marketing
164,0.2976295448727973,0.09589328517143267,-0.18238151142741646,-0.030720155792242767,-0.08195215959704516,0.12623853494200746,0.029227472558543965,-0.024869340362869623,-0.042097120649120245,-0.08085828125684394,0.02076590778790159,-0.04120430605323875,0.05500212437405276,0.042578199766204916,-0.001046894267229078,-0.018168746409822956,-0.025229856170477266,0.002265305303417329,0.02674969953073708,-0.03895452744979013,marketing
165,0.3013770398727156,-0.08651439426189031,0.019117229086494388,-0.17368593522105283,0.07418577807442181,0.003209419951542151,0.1996140552194485,0.04122512891804098,-0.061208279291797674,0.028785425782332296,0.07822580561107947,-0.019869046791514328,0.0667815867982435,-0.08847509250378212,-0.015338522530907023,-0.02673098668582457,0.05004916010858647,0.040490203950735174,0.006027668715092781,0.10741521148289015,sales
166,0.40079158943578985,-0.018480748798617302,-0.016816086040163426,-0.1958577058212158,-0.013864452413492009,-0.06223535744399576,0.24238164081546545,0.10079003892246448,-0.015886097416995672,-0.1455288836356291,0.09162005459991772,-0.007527304366134219,0.09882896831414097,-0.0019160520731988178,-0.025388239978191382,0.028770196356504088,-0.05887000293562729,-0.01826388507715229,0.07331448963835446,-0.01505674149359005,sales
167,0.33049637789800523,-0.15290147494829165,0.11331341322667793,-0.10340029657647756,-0.08826896877098038,-0.01809404203659839,0.0024130364729242383,-0.004159127615236635,0.027626015984808894,0.0049463472179030665,-0.10617810650894538,0.011891204887395987,-0.04609393229751686,0.04517641683670558,0.020127570643750314,-0.02192602146551216,0.049080824704253366,0.02007908975775044,-0.001649095985111473,0.0508083286848822,sales
168,0.3715945932946064,-0.05899630163979027,0.14341194358623113,-0.1524239835415237,0.07650961462395023,-0.06362012343740547,0.0892855462483835,-0.05902210455017068,-0.06618455015647355,-0.012084323664531256,0.08238575521953273,0.019632007874607393,-0.029019696456763968,0.03037664007414714,-0.0349988248311466,-0.06568134851180445,0.020352766428990855,0.008610974965686946,0.08500538609733914,0.0038814553632746567,sales
169,0.2815930862713253,-0.06085953339342716,0.0688195248800052,-0.04461071723213848,0.03556568733898147,-0.04868141492246454,0.08730683401146068,0.025698156861695298,-0.15851220681622388,0.026626529347491767,0.14022539983677623,0.0012173966575626791,-0.10749522652399524,-0.04323685312291455,-0.15204382127458743,-0.004859101033814939,0.03392949485664632,0.020468572196467073,-0.05682289222848592,-0.06964877642097111,sales
170,0.303237993743258,-0.21305391897257886,0.07012125724081951,-0.17572994078624374,-0.051925034402776044,-0.04401663155074393,0.019646110878346786,0.022448382949102577,-0.10501877623876843,0.03949228852693489,-0.011693522029947591,-0.0028212766692302734,0.11265354923433389,0.015671302800312106,-0.04543399849134422,0.02749629607677341,-0.003876458844345165,0.05342895128131608,0.0009600446003336753,-0.06932469509602122,sales
171,0.34299520229932307,-0.2889783676464566,0.10308533848736284,-0.2198595161509773,-0.034769272721814314,-0.014695448593694356,0.1289900089037817,0.08683909263506567,-0.2106834315762158,0.04332613906759309,0.002280795383300939,-0.03155794049011996,0.044003144010155204,-0.02913679499971249,-0.1133042746049385,0.05544304103788688,0.004963973974797939,-0.05182127993519883,-0.03127419116681905,-0.07642700726275205,sales
172,0.3262468982112866,-0.21987204337813526,0.07482100709854117,-0.16576335531355454,-0.046056250671673064,0.002284099426756299,-0.11369833563076465,0.022139609340699792,0.010010097071256437,0.1061245311015199,-0.20766201908210075,-0.1489211839606234,-0.05307954367705827,0.03631543170130905,0.09555184777140777,0.04998597347859728,0.008111319002757338,-0.1167262613595164,0.02254252069901992,-0.317456985566185,sales
173,0.4233514641317126,-0.1945323488667465,0.08320000621106186,-0.11278905794743949,-0.0381136090364588,-0.009570551697278502,0.0005938109804150653,-0.05560146505825312,-0.019489123260974725,0.09605276431474005,-0.03529106818240684,-0.01957600515017122,-0.002130240491869802,-0.06582419081462629,-0.07685004133192608,0.0001855168267062147,0.03275690995786964,-0.020101409058763748,-0.013064529132638433,0.0523608163656818,sales
174,0.47687050700368844,-0.2628560616986612,0.09239239276107979,-0.2493655246279053,0.04949329036956979,0.026277421214568386,0.16792689798153537,0.14676485195530956,-0.1535939257864193,-0.009705278491154695,0.06744214664526625,0.05633882042134876,0.00018487745145680338,-0.0574534881707847,-0.06348133167899687,-0.0282169377313534,-0.005244876548592644,-0.0060433467031409515,-0.04435446390419678,-0.0013993754998075111,sales
175,0.40327423528319306,-0.24908440449417452,0.13707638336974268,-0.28617289332112533,-0.01832827991120512,0.036493914305832854,0.1163174918331266,0.15080291738079607,0.004581880260128573,-0.044339864421044255,-0.05831358158902167,0.0807879435181007,-0.013980027007931035,0.021587710669931846,0.06541659321405585,-0.04277145251511175,0.0016225203989374709,-0.04911814981612227,0.003498430991733325,-0.051279282235315776,sales
176,0.2354212503973098,-0.052698317303555536,0.02952468019207503,-0.012026380599820252,-0.015016744269346833,-0.06036644212768614,0.019585904109838233,-0.042492118315215426,-0.1305821293242129,0.05835852692496385,-0.011014890163087966,-0.030576194648443786,-0.009261474255938566,-0.007900179262691782,-0.0818418541652952,0.06459325087110708,-0.013837092736172809,-0.06443587457860604,0.08883742424791677,-0.0187907141704581,sales
177,0.3644115934389269,-0.2339697993622547,0.07652668208110829,-0.08053327616823887,-0.0870971742148281,-0.11338477542944682,-0.15709103781839845,-0.1970529276122617,-0.09695893396950776,0.10086870184596448,-0.05320586413461563,0.0035838743471737692,0.03865308926419118,0.010530426476664188,-0.15987995080172193,-0.07483212062669667,0.00846717804826911,0.04808607288779724,0.08002922616981888,0.06990604113565912,sales
178,0.3619667461480242,-0.37109308189032075,0.1841202889180262,-0.21198264709223055,-0.1524497311103188,-0.05686679729514239,-0.11915405049359537,-0.07816959137771505,0.1269795661792708,-0.010649705123052135,0.03733057676946094,0.059193744495804786,0.10471128653479536,0.03684613278100256,0.357321973948958,-0.10269315641599326,-0.18112617015554774,0.08057440778448008,-0.06930455279548221,0.36877751648833235,sales
179,0.3104055223590701,-0.256815998538396,0.11418987801983645,-0.15879377308761186,-0.07531241572366151,-0.025792696717501954,-0.08184899978221019,-0.021998030304430843,-0.04680628470198169,0.10568311571626418,-0.16762106732327575,-0.15581346522938708,-0.029585120988347438,0.033483435683986026,0.08641284869930102,0.052078696754009196,0.007076614869656559,-0.09451932373927291,0.044282303930050684,-0.31903283140560323,sales
180,0.39788231390656476,-0.25480264001417596,0.08745970461994033,-0.15320315136145463,-0.07484989221690827,0.04039538704020114,0.015892867890455926,0.0312567832352232,-0.0031152451067715135,0.0011849759753257741,-0.030038716736193793,-0.011669960324555546,0.06874648813964437,0.01806285594549322,-0.05509403700755037,0.11502180727681297,-0.003906359038964556,0.004035036672753763,0.029972010034106013,-0.06975023643411865,sales
181,0.18626082648101788,-0.1348321055513357,0.06390089807480367,-0.15120986342394374,-0.004367042787006262,-0.05365714650022857,0.17314504066237718,0.06537743617954052,-0.18769179709675265,0.030682703324367205,0.10567707913049106,-0.007755465922682526,0.028523384791975446,-0.07479558813602047,-0.20567785664159305,0.004193699811357669,-0.027875687277302552,-0.0015582454415716041,0.05120803605444928,-0.08208105149550236,sales
182,0.2555894550031234,-0.1820022526516522,0.05677069616001758,-0.03626173109069547,-0.13031977549486384,-0.05165205847759924,-0.07397412229514243,-0.14371586835234018,-0.06664525499525883,0.06952938115615048,-0.08163099235078256,-0.07229701298394797,0.04763658583769555,0.08524087487752445,-0.06358859090952854,0.08959351341080747,-0.09017398321348488,0.002747187541003135,-0.014031243511711151,0.06125300912037063,sales
183,0.30310480066859385,-0.1895386975501212,0.04573548420652338,-0.029469290191267622,-0.11436893244640721,0.05337352938148032,-0.10079729849158696,-0.09327319976106385,-0.05940944878902232,0.08300496548305582,0.025054124012142822,0.01965065846002126,0.06537214034631886,-0.008199240446037715,-0.08397716897946028,-0.052083452314539265,-0.07278116537353806,0.06814161037880688,0.11258389061683696,0.12203735956049017,sales
184,0.26083032576055787,-0.21120947368211543,0.07512656621544075,-0.12611036293029262,-0.04841082236096914,-0.010754732287712104,0.09594373311341152,0.13136564090775693,-0.1291011508163408,-0.029645301022565677,0.0070037728443435535,0.02884291040850989,0.10835275788054156,-0.03318035223978681,-0.09481846068557645,-0.04623665986992266,0.014617834354374566,0.046370199811872286,0.04318382877075117,-0.025078444529911675,sales
185,0.42193002621476605,-0.24571621332033733,0.0820301288559083,-0.2353478079128646,0.03838066477908692,0.08871711574027046,0.1380438127606127,0.139205851137102,-0.073545111180124,-0.016404132294679342,0.08599573867981718,0.029668364270445436,0.05132011325135546,-0.03555780635996178,-0.012026905244015508,0.028246538180349206,-0.02991395209073458,0.013091007642094327,-0.03257306909182959,-0.019433217829825277,sales
186,0.31650029994442963,-0.20185839883174153,0.0760126929041433,-0.10280131386434789,-0.09165833165961759,-0.0037924494979186905,-0.059757425213027036,0.05869563232046123,0.02232804392091447,6.32512604630364e-05,-0.10524636428401181,0.05323063107300169,0.08248985828745492,-0.04628891172691143,-0.038847473249499664,0.01985779631131939,0.018506732681984692,0.024380507957904154,0.04313880813156212,-0.10622960362344816,sales
187,0.30419835302071196,-0.1452901467341414,0.02963795007354354,-0.0876090375085837,-0.09551722004600566,0.0015613737778454684,-0.03387596343445677,-0.09602130729682275,-0.0745208092923456,0.0046484051757482905,-0.07140524381594089,-0.015285956674015801,0.06921051495880705,0.1134717665603341,-0.08967811488022914,0.10788499517646327,-0.05741539358244599,-0.08160222331683166,0.045266477785267614,-0.0005310361020494981,sales
188,0.2831407186865587,-0.17939733899501448,0.06066519097873845,0.08178969302035553,-0.01669195673848087,-0.011377915903506326,0.03253037668297192,0.007654543894007603,-0.011306379392661917,0.012020190499377336,0.008118772913176775,0.016752369818663387,-0.001683575457690805,0.01933505816113733,-0.0785831356524931,0.16553739473080006,-0.033384036888590915,-0.06858963254781718,-0.17400531981895004,-0.09869964936144619,sales
189,0.363557313228327,-0.17701975640238668,0.02793678271887007,-0.0839099395678829,-0.005060337033097404,0.006817452748538917,0.08310560224743152,0.12813853803307296,0.0271194609618986,-0.09970842096559764,0.004970846907440215,-0.057539890635656184,-0.01621654512306126,-0.09870766514390636,0.03961093304118607,0.01860095973116336,-0.09223551928813509,0.05635165077903078,0.1360749990967976,0.09143325638077862,sales
190,0.2849876937507087,-0.19763431367112078,0.07614627919480327,-0.04224651982627653,-0.009812187105429422,-0.06839243235831234,-0.0518397180415514,-0.02109311960297178,-0.012699471768128879,-0.01169785908078149,-0.017358927425874214,-0.02792941705582145,-0.026552477721591604,0.027605377002515703,-0.04699407079622567,0.005370651491827834,0.018530097046404806,-0.0339883252245957,-0.024643222167228106,-0.11086628359592725,sales
191,0.2707316694599617,-0.05546473493125968,-0.021704432905516935,-0.13509046890316237,0.08509824948809669,0.11447207620023797,0.05294361783695489,-0.017807111925768566,-0.0499512534989061,0.033336418539513815,0.11192720759743979,-0.03338961493045252,0.024812538492793093,0.011891962472098182,-0.07548728784796145,0.025131070492551262,0.007011265573996953,-0.011994230638028729,0.0641437963176119,-0.07437321651929173,sales
192,0.2786613823596789,-0.16406309627587992,0.06475611539851411,-0.12292598429927491,-0.059934771813187335,0.02793356116799591,0.09680529839011846,0.17319131525665762,0.052468666086489535,-0.13685701706219958,-0.10644228104898995,0.018882783838856648,-0.08002949352372206,-0.03669810168172985,0.11087594896981343,-0.12965875926334727,0.019677023433629218,0.03732657709438906,0.09098962065030447,0.029040326540311752,sales
193,0.3386341201082865,-0.16114029255670054,0.03251317115355173,-0.17640122578273718,-0.049192108414044575,0.009189028036449609,0.11491729476025209,0.12818790566015748,-0.07769561781382875,-0.013989875235031084,0.023592164010602247,0.07012600055705338,0.008605834973611356,-0.13733387535889227,0.05977883251457243,0.02559332286042797,0.033831297185445655,-0.02566697360481534,0.02548323472029469,0.07300478565434723,sales
194,0.1879553190006351,-0.017660670639312117,-0.00034109264898578,-0.054895580659056885,0.044841237356422564,-0.06938014807902672,0.07667705622805703,-0.09024367468746808,-0.031393991421635806,0.08754158921094689,-0.02301303172186832,-0.03423805052851014,0.03381897225789516,-0.08411504493140279,-0.017425376793564172,-0.10163543893056627,-0.0018006595631179882,-0.07821667313895192,0.08784229524713928,-0.05391155392783318,sales
195,0.25796578273784926,-0.2054997722376319,0.0750111366525219,-0.11632570733034447,0.010842131351864633,-0.08076356064285284,-0.0010824318862926777,-0.05111190250412809,-0.021423817448245674,-0.03245836491779872,0.07685441540979195,-0.009067865488099739,0.021780460558594405,0.009632804587859783,-0.02689528057316341,-0.001101932384859108,-0.019524875456978147,-0.008891382307101386,-0.09183809041934939,0.023261561338203535,sales
196,0.3066175850934237,-0.21316219458090283,0.0949276597517938,-0.11398131622670434,-0.01731429245557141,-0.07430677065234671,0.006430397199612764,0.015254770391213862,-0.0835328090935411,0.001333335510992858,-0.0120756895661134,0.08865136206576467,-0.033365533562452004,-0.020740637417663615,-0.09363003900264469,-0.031048456370608067,0.045140008062814305,-0.07120855482004165,0.0036121044161883764,0.07331714773600892,sales
197,0.37680330718998023,-0.17384946998371276,0.08590217157872244,-0.16424725998687456,-0.02422345294138762,-0.029036592239296607,0.12540531682282802,0.1707268898739914,0.09999509485009977,-0.07383350906875799,-0.11283597917559264,0.08646830614280834,-0.06904678564665709,-0.03531859844600295,0.06160784235383689,-0.035660547559381764,0.05548838193341105,0.006450824624973448,0.007735448686449854,0.041624897597359586,sales
198,0.44047940211858777,-0.19456572274203132,0.022032297112583196,-0.18272075446952618,-0.0011120986764981394,0.0802369066623357,0.06933144995509367,0.008525750369043633,-0.0707786226930438,-0.012369056350402228,0.051992072860491935,0.06444948855531571,0.02449601318160773,-0.04357789733992597,-0.10446505876205209,0.02255259173496283,0.001353932010031792,-0.04920250063875386,-0.03630613131471088,0.10087384326786965,sales
199,0.3011488685606529,-0.16194491424679774,0.09224246215717219,-0.04704243205851449,-0.11276340437142005,-0.051121516259162066,-0.11070242911822471,-0.1430174658050423,-0.0488560935275285,0.15531423655699483,-0.14599244911262996,-0.13810639765537988,-0.048410656167886396,0.033839863642689406,-0.07011863784935157,0.026183684951503555,0.05053572672771856,-0.045855628938820316,0.04678427132074213,-0.09945364197453425,sales
200,0.2409450908921365,-0.17019614490972523,0.0659999682742511,-0.13150718641103726,-0.02629455995867303,-0.01512578956202226,0.10019240074352072,0.055134826286574644,-0.09673777366362589,-0.029247720297199124,0.04882014464318749,0.05616738457978787,0.008093914905508821,-0.059217849129791604,-0.06216360258623371,-0.10513953754270924,-0.001324294774293312,0.055074507541064584,0.023467812891803268,0.06518470229592634,sales
201,0.33939622141176984,-0.2280960293896594,0.08305864941261996,-0.07194105065305306,-0.10290541923351552,-0.06338138984845779,-0.06787733277595291,-0.02940609213082856,-0.07792805140754867,0.05314246656817738,-0.0672154881899719,0.03965784459794531,0.023589961287739145,-0.03846322998709495,-0.12362898987347065,-0.07291893662762071,-0.011266994973931275,0.08870535156558758,0.059172997460452716,0.08389705238343863,sales
202,0.4035236919366288,-0.27576390880041235,0.09659215814683694,-0.22402243723891374,-0.07297341336656678,-0.01058215490295888,0.13936249693756628,0.1670536804086354,-0.10414770350837652,-0.07089332737112768,-0.02189442851820781,0.08678296428135442,0.03832869159481564,-0.03570993229539696,-0.0226934662878065,-0.010844959451455825,0.05486269484834347,-0.008643022503518604,-0.03640081909868349,0.032475570768351426,sales
203,0.3239428986246613,-0.25505062686660807,0.09904342669740589,-0.07170103617217563,-0.09625779232622328,0.04253089527636961,-0.006914262958782481,0.01801460663939019,-0.08857399427989139,0.039798665718827106,-0.039845589986574906,0.042247773857843174,-0.044465842680815555,0.03001435914996947,-0.07714831017593825,0.09024672592682052,-0.0026059012712266374,-0.10238461264341941,-0.0838057593993566,-0.054418291187889954,sales
204,0.4365886064403207,-0.27901162756381176,0.10282040196345561,-0.28744411361830435,0.06224558125477389,-0.025352117124270483,0.1711596238918053,0.22340088818091944,-0.1031088693816195,-0.07272227294277755,0.08065993432941052,0.12055513478755193,-0.01610737686628644,0.023152396465098608,-0.0056395342872814225,0.014424688450181234,0.009554558900897894,-0.015911941739314935,-0.11416056324901988,7.991682193924147e-05,sales
205,0.3392734546096534,-0.15000764576015682,0.04195209952429533,-0.00753518071459117,-0.07053368979958245,0.01702126157369971,0.01828479811799905,0.04747712542457037,0.013568440320486184,-0.03644331753720339,-0.1168377457869683,0.036055401240079124,-0.08910845121571771,-0.06191426126873866,0.053666370279739556,-0.09837693666384312,0.06022492475220361,0.02770551025338758,0.06838855729676181,-0.013782087310605002,sales
206,0.23995917270060282,-0.19429806807470457,0.08014516760584385,-0.16396609986635324,-0.027289346167995672,-0.03404782922115005,0.009996623295501437,0.036305480637214435,-0.06550711464245389,-0.0023093958659324474,-0.017183126813143466,0.011864565685824485,0.02097812515178944,-0.06666532172402159,-0.039796177916588134,-0.07881595271398482,-0.006606850777600083,0.06189666521971613,-0.012585153491309665,-0.036411943649790654,sales
207,0.21699563246911688,-0.051141305348955064,-0.007179328681597257,-0.08588134206456818,0.01976541453436086,-0.03344939356288423,0.07963906938511518,0.07002243238353155,0.0012674187781712507,0.02822946852469215,0.051392755425927826,0.007541528216062658,-0.04049152624139249,-0.04205085927784615,-0.12053048985622922,-0.029466420078779088,-0.0062440695478950415,-0.04438983022535599,0.12373836164916663,0.08558302395559568,sales
